cell,longtitude,latitude
105878,-111.8226402,33.4222685
76766,-112.063219,33.556467
103964,-111.869175,33.229066
74324,-111.649612,33.2342
10398,-111.587411,33.23839
42489,-111.634519,33.24467
8393,-111.634519,33.24567
61013,-111.634519,33.24467
73934,-111.6342993,33.2486638
93806,-111.63,33.25
11958,-111.854082,33.259153
6053,-111.847923,33.259838
38690,-112.187057,33.276562
31438,-111.724926,33.278519
48841,-111.825197,33.282264
24468,-111.987279,33.283432
12043,-111.687473,33.285379
167,-111.686771,33.285712
44600,-111.68799,33.28598
11881,-111.830566,33.290688
79700,-111.951629,33.29415
94157,-111.900696,33.300018
81664,-111.856919,33.300022
18357,-111.896272,33.301026
46374,-111.840829,33.303385
55372,-111.840829,33.304385
25791,-111.840829,33.303385
49049,-111.840829,33.304385
52244,-111.840829,33.303385
91185,-112.011202,33.303529
66687,-112.035749,33.30573
63769,-111.8412502,33.3061605
14616,-111.8412502,33.3071605
98694,-111.8412502,33.3061605
91852,-111.8412502,33.3071605
105768,-111.8412502,33.3061605
32606,-111.8412502,33.3071605
15868,-111.8412502,33.3061605
68624,-111.8412502,33.3071605
71804,-111.8412502,33.3061605
89290,-111.8412502,33.3071605
4072,-111.8412502,33.3061605
32921,-111.8412502,33.3071605
26894,-111.8412502,33.3061605
13446,-111.8412502,33.3071605
95092,-111.8412502,33.3061605
39469,-111.8412502,33.3071605
17860,-111.8412502,33.3061605
4451,-111.8412502,33.3071605
25779,-111.8412502,33.3061605
20411,-111.8412502,33.3071605
32597,-111.8412502,33.3061605
52422,-111.8412502,33.3071605
87514,-111.8412502,33.3061605
68474,-111.8412502,33.3071605
72416,-111.8412502,33.3061605
89861,-111.8412502,33.3071605
61046,-111.8412502,33.3061605
61318,-111.8412502,33.3071605
48358,-111.8412502,33.3061605
101218,-111.8412502,33.3071605
7994,-111.8412502,33.3061605
37750,-111.8412502,33.3071605
38953,-111.8412502,33.3061605
16826,-111.8412502,33.3071605
45955,-111.8412502,33.3061605
37706,-111.8412502,33.3071605
34671,-111.8412502,33.3061605
65495,-111.8412502,33.3071605
42340,-111.8412502,33.3061605
9582,-111.8412502,33.3071605
66532,-111.8412502,33.3061605
79688,-111.8412502,33.3071605
36479,-111.8412502,33.3061605
103371,-111.8412502,33.3071605
45056,-111.8412502,33.3061605
40176,-111.8412502,33.3071605
92257,-111.8412502,33.3061605
2795,-111.8412502,33.3071605
100440,-111.8412502,33.3061605
415,-111.8412502,33.3071605
73696,-111.8412502,33.3061605
9639,-111.8412502,33.3071605
22455,-111.8412502,33.3061605
31297,-111.8412502,33.3071605
23494,-111.8412502,33.3061605
81941,-111.8412502,33.3071605
77254,-111.8412502,33.3061605
9108,-111.8412502,33.3071605
59177,-111.8412502,33.3061605
66849,-111.8412502,33.3071605
73179,-111.8412502,33.3061605
69238,-111.8412502,33.3071605
100294,-111.8412502,33.3061605
34590,-111.887918,33.30732
43366,-111.774521,33.31015
19184,-111.839615,33.313461
105278,-111.895563,33.317176
25512,-111.963806,33.317963
100320,-111.876755,33.320892
89116,-111.937054,33.322798
40066,-111.73233,33.327461
86989,-111.789767,33.329042
42033,-111.789767,33.330042
83536,-111.789767,33.329042
30579,-111.789767,33.330042
1462,-111.789767,33.329042
31781,-111.789767,33.330042
29177,-111.789767,33.329042
51814,-111.789767,33.330042
91250,-111.789767,33.329042
55374,-111.789767,33.330042
65447,-111.789767,33.329042
78059,-111.789767,33.330042
3169,-111.789767,33.329042
12701,-111.789767,33.330042
73063,-111.789767,33.329042
17674,-111.789767,33.330042
74960,-111.789767,33.329042
98791,-111.789767,33.330042
95475,-111.789767,33.329042
35118,-111.789767,33.330042
88440,-111.789767,33.329042
102672,-111.728042,33.3299
93995,-111.875369,33.334712
52533,-111.815457,33.337038
94562,-111.7900074,33.337364
102992,-111.98333,33.34167
13079,-111.969178,33.342699
26098,-111.737901,33.346182
107624,-111.85601,33.349762
31431,-111.868569,33.351196
37537,-111.789027,33.3528264
39089,-111.789027,33.3538264
62803,-111.789027,33.3528264
97363,-111.789027,33.3538264
105125,-111.789027,33.3528264
47181,-111.789027,33.3538264
80697,-111.789027,33.3528264
56098,-111.789027,33.3538264
72789,-111.789027,33.3528264
12887,-111.789027,33.3538264
1832,-111.789027,33.3528264
101198,-111.789027,33.3538264
9543,-111.789027,33.3528264
44734,-111.789027,33.3538264
90461,-111.700632,33.356547
71107,-111.810472,33.357752
96558,-111.876633,33.362438
89652,-112.168611,33.362778
14423,-111.944742,33.371511
95674,-111.729392,33.372959
61637,-111.9675263,33.3759463
27660,-111.726176,33.376026
105766,-111.952377,33.378227
31384,-111.91921,33.378952
100870,-112.019253,33.379018
42972,-111.8747445,33.379424
61761,-111.987852,33.37985
45931,-111.77727,33.385647
39332,-111.849728,33.385909
67488,-112.158124,33.389957
42299,-111.943268,33.389988
75502,-111.788445,33.390175
56438,-111.908432,33.390553
29940,-111.673279,33.392054
84372,-111.929009,33.392935
47308,-111.929009,33.393935
102972,-111.870239,33.393253
21538,-111.7018452,33.3951613
1093,-111.760024,33.395334
76584,-111.954015,33.398049
83959,-111.891155,33.398321
25167,-112.146142,33.399061
8193,-111.960488,33.403526
45867,-111.710992,33.405138
80694,-112.071693,33.406712
50560,-111.877133,33.407133
70979,-111.891748,33.407732
67589,-111.910725,33.408854
82244,-111.592025,33.414084
97637,-111.941985,33.414675
65535,-111.929872,33.414704
24929,-111.942059,33.414731
81647,-111.912926,33.416161
41701,-111.831459,33.417045
92918,-111.831459,33.418045
61018,-111.831459,33.417045
12870,-111.831459,33.418045
24262,-111.831459,33.417045
52572,-111.831459,33.418045
86919,-111.831459,33.417045
51077,-111.831459,33.418045
35539,-111.831459,33.417045
37467,-111.831459,33.418045
18957,-111.831459,33.417045
79304,-111.831459,33.418045
24467,-111.831459,33.417045
19048,-111.831459,33.418045
6516,-111.831459,33.417045
60683,-111.831459,33.418045
62245,-111.831459,33.417045
32129,-111.831459,33.418045
95168,-111.831459,33.417045
91716,-111.831459,33.418045
84942,-111.831459,33.417045
100862,-111.93486,33.41936
92124,-111.94635,33.419372
50582,-111.980269,33.422128
10771,-111.8226402,33.4222685
11911,-111.8226402,33.4232685
85578,-111.8226402,33.4222685
45250,-111.8226402,33.4232685
78674,-111.8226402,33.4222685
42690,-111.8226402,33.4232685
27328,-111.8226402,33.4222685
63381,-111.8226402,33.4232685
77746,-111.8226402,33.4222685
54026,-111.8226402,33.4232685
31328,-111.8226402,33.4222685
86753,-111.8226402,33.4232685
58443,-111.8226402,33.4222685
76177,-111.8226402,33.4232685
54921,-111.8226402,33.4222685
54232,-111.8226402,33.4232685
61947,-111.8226402,33.4222685
17103,-111.8226402,33.4232685
29106,-111.8226402,33.4222685
24027,-111.8226402,33.4232685
29988,-111.8226402,33.4222685
8650,-111.8226402,33.4232685
106948,-111.8226402,33.4222685
40224,-111.8226402,33.4232685
94291,-111.8226402,33.4222685
35959,-111.8226402,33.4232685
80003,-111.8226402,33.4222685
6084,-111.8226402,33.4232685
74174,-111.8226402,33.4222685
16402,-111.8226402,33.4232685
73916,-111.8226402,33.4222685
99412,-111.8226402,33.4232685
11516,-111.8226402,33.4222685
30460,-111.8226402,33.4232685
81536,-111.8226402,33.4222685
7780,-111.8226402,33.4232685
14268,-111.8226402,33.4222685
43670,-111.8226402,33.4232685
107358,-111.8226402,33.4222685
94346,-111.8226402,33.4232685
72373,-111.8226402,33.4222685
90107,-111.8226402,33.4232685
23888,-111.8226402,33.4222685
105124,-111.907154,33.422392
27100,-111.546119,33.42314
4437,-111.546119,33.42414
31699,-111.546119,33.42314
34135,-111.737247,33.424961
87626,-112.244797,33.425146
104998,-111.937419,33.42551
5552,-111.937419,33.42651
84376,-111.937419,33.42551
81705,-111.937419,33.42651
43738,-111.937419,33.42551
102645,-111.937419,33.42651
82428,-111.937419,33.42551
30474,-111.937419,33.42651
79663,-111.937419,33.42551
41691,-111.937419,33.42651
5535,-111.937419,33.42551
50545,-111.937419,33.42651
98315,-111.937424,33.42551
27858,-111.937419,33.42551
15378,-111.937419,33.42651
77144,-111.937419,33.42551
8398,-111.937419,33.42651
47164,-111.937419,33.42551
67578,-111.9400054,33.4255104
73175,-111.9400054,33.4265104
55877,-111.9400054,33.4255104
54462,-111.9400054,33.4265104
88607,-111.9400054,33.4255104
61337,-111.9400054,33.4265104
4585,-111.9400054,33.4255104
60981,-111.9400054,33.4265104
55019,-111.9400054,33.4255104
97298,-111.9400054,33.4265104
90368,-111.9400054,33.4255104
72818,-111.9400054,33.4265104
43703,-111.9400054,33.4255104
32057,-111.9400054,33.4265104
89047,-111.9400054,33.4255104
74678,-111.9400054,33.4265104
75167,-111.9400054,33.4255104
24887,-111.9400054,33.4265104
4328,-111.9400054,33.4255104
49428,-111.9400054,33.4265104
91153,-111.9400054,33.4255104
19474,-111.9400054,33.4265104
68251,-111.9400054,33.4255104
100212,-111.9400054,33.4265104
77654,-111.9400054,33.4255104
37371,-111.9400054,33.4265104
20084,-111.9400054,33.4255104
60630,-111.9400054,33.4265104
92520,-111.9400054,33.4255104
75884,-111.9400054,33.4265104
47815,-111.9400054,33.4255104
6864,-111.9400054,33.4265104
80615,-111.9400054,33.4255104
32674,-111.9400054,33.4265104
77684,-111.9400054,33.4255104
104890,-111.9400054,33.4265104
83050,-111.9400054,33.4255104
99283,-111.9400054,33.4265104
47790,-111.9400054,33.4255104
55453,-111.9400054,33.4265104
87151,-111.9400054,33.4255104
72940,-111.9400054,33.4265104
56149,-111.9400054,33.4255104
98054,-111.9400054,33.4265104
24924,-111.9400054,33.4255104
985,-111.9400054,33.4265104
97202,-111.9400054,33.4255104
101970,-111.9400054,33.4265104
17632,-111.9400054,33.4255104
21940,-111.9400054,33.4265104
101960,-111.9400054,33.4255104
76601,-111.9400054,33.4265104
76598,-111.9400054,33.4255104
38584,-111.9400054,33.4265104
44120,-111.9400054,33.4255104
101325,-111.9400054,33.4265104
30624,-111.9400054,33.4255104
77460,-111.9400054,33.4265104
83530,-111.9400054,33.4255104
60902,-111.9400054,33.4265104
55708,-111.9400054,33.4255104
103007,-111.9400054,33.4265104
95481,-111.9400054,33.4255104
8813,-111.9400054,33.4265104
82001,-111.9400054,33.4255104
43972,-111.9400054,33.4265104
53415,-111.9400054,33.4255104
73536,-111.9400054,33.4265104
25911,-111.9400054,33.4255104
63221,-111.9400054,33.4265104
42457,-111.9400054,33.4255104
62644,-111.9400054,33.4265104
77983,-111.9400054,33.4255104
7148,-111.9400054,33.4265104
104007,-111.9400054,33.4255104
54566,-111.9400054,33.4265104
62678,-111.9400054,33.4255104
102116,-111.9400054,33.4265104
69397,-111.9400054,33.4255104
7267,-111.9400054,33.4265104
107281,-111.9400054,33.4255104
1965,-111.9400054,33.4265104
95325,-111.9400054,33.4255104
91788,-111.9400054,33.4265104
87193,-111.9400054,33.4255104
95442,-111.9400054,33.4265104
15539,-111.9400054,33.4255104
9074,-112.032825,33.426613
65173,-112.28076,33.42766
85421,-112.19635,33.427994
69288,-112.270095,33.428722
16014,-111.903707,33.431326
103018,-111.9343636,33.4324361
85003,-111.87718,33.433305
55385,-112.107369,33.433551
38507,-111.970551,33.434002
84415,-112.003604,33.435265
45378,-112.3496021,33.4355977
98960,-112.3496021,33.4365977
51321,-111.960746,33.436681
958,-112.031517,33.437641
34701,-111.953192,33.437746
37413,-112.08226,33.439423
31164,-112.067305,33.439777
74470,-111.984857,33.439881
58980,-112.067506,33.440443
49088,-112.349664,33.4405
105350,-112.349664,33.4415
38484,-112.349664,33.4405
85673,-112.349664,33.4415
42267,-112.037508,33.442946
57557,-112.06871,33.444611
19404,-111.917938,33.444958
101220,-111.991202,33.44513
14650,-112.072567,33.446774
63766,-112.072754,33.446884
30873,-111.709378,33.44696
106958,-111.92598,33.447941
57138,-112.075774,33.44826
2570,-112.075774,33.44926
105394,-112.075774,33.44826
11463,-112.075774,33.44926
31783,-112.075774,33.44826
4829,-112.075774,33.44926
56374,-112.075774,33.44826
36012,-112.075774,33.44926
42599,-112.075774,33.44826
39997,-112.075774,33.44926
33463,-112.075774,33.44826
70185,-112.075774,33.44926
1455,-112.075774,33.44826
71818,-112.075774,33.44926
108,-112.075774,33.44826
42641,-112.075774,33.44926
106346,-112.075774,33.44826
69258,-112.075774,33.44926
20898,-112.075774,33.44826
58756,-112.075774,33.44926
66959,-112.075774,33.44826
64696,-112.075774,33.44926
15273,-112.075774,33.44826
71741,-112.075774,33.44926
67263,-112.075774,33.44826
43616,-112.075774,33.44926
62718,-112.075774,33.44826
59428,-112.075774,33.44926
31660,-112.075774,33.44826
4542,-112.075774,33.44926
97477,-112.075774,33.44826
1502,-112.075774,33.44926
57077,-112.075774,33.44826
65114,-112.075774,33.44926
88801,-112.075774,33.44826
53926,-112.075774,33.44926
47558,-112.075774,33.44826
44388,-112.075774,33.44926
27552,-112.075774,33.44826
71630,-112.075774,33.44926
40202,-112.075774,33.44826
106885,-112.075774,33.44926
58667,-112.075774,33.44826
90144,-112.075774,33.44926
28774,-112.075768,33.448261
89061,-112.075768,33.449261
49725,-112.075768,33.448261
14206,-112.075768,33.449261
5662,-112.0740373,33.4483771
83673,-112.0740373,33.4493771
97473,-112.0740373,33.4483771
80243,-112.0740373,33.4493771
95209,-112.0740373,33.4483771
49062,-112.0740373,33.4493771
13389,-112.0740373,33.4483771
15646,-112.0740373,33.4493771
9400,-112.0740373,33.4483771
54394,-112.0740373,33.4493771
103086,-112.0740373,33.4483771
83312,-112.0740373,33.4493771
6396,-112.0740373,33.4483771
7896,-112.0740373,33.4493771
13246,-112.0740373,33.4483771
76457,-112.0740373,33.4493771
20283,-112.0740373,33.4483771
61633,-112.0740373,33.4493771
106688,-112.0740373,33.4483771
105231,-112.0740373,33.4493771
64908,-112.0740373,33.4483771
21180,-112.0740373,33.4493771
47978,-112.0740373,33.4483771
18200,-112.0740373,33.4493771
16602,-112.0740373,33.4483771
7717,-112.0740373,33.4493771
70738,-112.0740373,33.4483771
106451,-112.0740373,33.4493771
44148,-112.0740373,33.4483771
1974,-112.0740373,33.4493771
40316,-112.0740373,33.4483771
84473,-112.0740373,33.4493771
1178,-112.0740373,33.4483771
65769,-112.0740373,33.4493771
12351,-112.0740373,33.4483771
106089,-112.0740373,33.4493771
62226,-112.0740373,33.4483771
10713,-112.0740373,33.4493771
81539,-112.0740373,33.4483771
62632,-112.0740373,33.4493771
105225,-112.0740373,33.4483771
95641,-112.0740373,33.4493771
99970,-112.0740373,33.4483771
57453,-112.0740373,33.4493771
92471,-112.0740373,33.4483771
86286,-112.0740373,33.4493771
69312,-112.0740373,33.4483771
40543,-112.0740373,33.4493771
35372,-112.0740373,33.4483771
5102,-112.0740373,33.4493771
99946,-112.0740373,33.4483771
84873,-112.0740373,33.4493771
33683,-112.0740373,33.4483771
75638,-112.0740373,33.4493771
60552,-112.0740373,33.4483771
42021,-112.0740373,33.4493771
106460,-112.0740373,33.4483771
49688,-112.0740373,33.4493771
12773,-112.0740373,33.4483771
19168,-112.0740373,33.4493771
5725,-112.0740373,33.4483771
71178,-112.0740373,33.4493771
65149,-112.0740373,33.4483771
18568,-112.0740373,33.4493771
92103,-112.0740373,33.4483771
84636,-112.0740373,33.4493771
69294,-112.0740373,33.4483771
4402,-112.0740373,33.4493771
52201,-112.0740373,33.4483771
97362,-112.0740373,33.4493771
79226,-112.0740373,33.4483771
79337,-112.0740373,33.4493771
39915,-112.0740373,33.4483771
24896,-112.0740373,33.4493771
11399,-112.0740373,33.4483771
95090,-112.0740373,33.4493771
6844,-112.0740373,33.4483771
48436,-112.0740373,33.4493771
18658,-112.0740373,33.4483771
88118,-112.0740373,33.4493771
36933,-112.0740373,33.4483771
39868,-112.0740373,33.4493771
62059,-112.0740373,33.4483771
74289,-112.0740373,33.4493771
41752,-112.0740373,33.4483771
51603,-112.0740373,33.4493771
82890,-112.0740373,33.4483771
48657,-112.0740373,33.4493771
62981,-112.0740373,33.4483771
16730,-112.0740373,33.4493771
66816,-112.0740373,33.4483771
61667,-112.0740373,33.4493771
75610,-112.0740373,33.4483771
20630,-112.0740373,33.4493771
7443,-112.0740373,33.4483771
586,-112.0740373,33.4493771
60903,-112.0740373,33.4483771
80481,-112.0740373,33.4493771
3115,-112.0740373,33.4483771
63478,-112.0740373,33.4493771
68135,-112.0740373,33.4483771
87190,-112.0740373,33.4493771
48151,-112.0740373,33.4483771
5865,-112.0740373,33.4493771
63687,-112.0740373,33.4483771
89784,-112.0740373,33.4493771
47386,-112.0740373,33.4483771
81362,-112.0740373,33.4493771
82908,-112.0740373,33.4483771
52187,-112.0740373,33.4493771
58475,-112.0740373,33.4483771
10913,-112.0740373,33.4493771
62760,-112.0740373,33.4483771
61632,-112.0740373,33.4493771
107093,-112.0740373,33.4483771
75809,-112.0740373,33.4493771
36027,-112.0740373,33.4483771
43077,-112.0740373,33.4493771
58585,-112.0740373,33.4483771
98333,-112.0740373,33.4493771
78939,-112.0740373,33.4483771
98808,-112.0740373,33.4493771
105771,-112.0740373,33.4483771
86618,-112.0740373,33.4493771
75713,-112.0740373,33.4483771
55085,-112.0740373,33.4493771
73228,-112.0740373,33.4483771
19284,-112.0740373,33.4493771
50553,-112.0740373,33.4483771
12316,-112.0740373,33.4493771
47306,-112.0740373,33.4483771
10988,-112.0740373,33.4493771
89822,-112.0740373,33.4483771
95968,-112.0740373,33.4493771
14207,-112.0740373,33.4483771
47359,-112.0740373,33.4493771
45287,-112.0740373,33.4483771
25977,-112.0740373,33.4493771
97770,-112.0740373,33.4483771
37355,-112.0740373,33.4493771
42797,-112.0740373,33.4483771
39582,-112.0740373,33.4493771
101100,-112.0740373,33.4483771
99016,-112.0740373,33.4493771
90447,-112.0740373,33.4483771
49400,-112.0740373,33.4493771
48065,-112.0740373,33.4483771
85515,-112.0740373,33.4493771
101543,-112.0740373,33.4483771
43722,-112.0740373,33.4493771
52626,-112.0740373,33.4483771
16221,-112.0740373,33.4493771
54582,-112.0740373,33.4483771
39460,-112.0740373,33.4493771
51320,-112.0740373,33.4483771
103112,-112.0740373,33.4493771
66362,-112.0740373,33.4483771
49703,-112.0740373,33.4493771
83970,-112.0740373,33.4483771
14119,-112.0740373,33.4493771
57730,-112.0740373,33.4483771
17148,-112.0740373,33.4493771
69942,-112.0740373,33.4483771
101010,-112.0740373,33.4493771
28,-112.0740373,33.4483771
19855,-112.0740373,33.4493771
11496,-112.0740373,33.4483771
37529,-112.0740373,33.4493771
50794,-112.0740373,33.4483771
81084,-112.0740373,33.4493771
59185,-112.0740373,33.4483771
107582,-112.0740373,33.4493771
92776,-112.0740373,33.4483771
64783,-112.0740373,33.4493771
99870,-112.0740373,33.4483771
30430,-112.0740373,33.4493771
87694,-112.0740373,33.4483771
53567,-112.0740373,33.4493771
76653,-112.0740373,33.4483771
69364,-112.0740373,33.4493771
9046,-112.0740373,33.4483771
29326,-112.0740373,33.4493771
11171,-112.0740373,33.4483771
42134,-112.0740373,33.4493771
48146,-112.0740373,33.4483771
70380,-112.0740373,33.4493771
82610,-112.0740373,33.4483771
87253,-112.0740373,33.4493771
55829,-112.0740373,33.4483771
29712,-112.0740373,33.4493771
97621,-112.0740373,33.4483771
59743,-112.0740373,33.4493771
42945,-112.0740373,33.4483771
14921,-112.0740373,33.4493771
88031,-112.0740373,33.4483771
65811,-112.0740373,33.4493771
23085,-112.0740373,33.4483771
35902,-112.0740373,33.4493771
36200,-112.0740373,33.4483771
38650,-112.0740373,33.4493771
73030,-112.0740373,33.4483771
55985,-112.0740373,33.4493771
27609,-112.0740373,33.4483771
62725,-112.0740373,33.4493771
43210,-112.0740373,33.4483771
2257,-112.0740373,33.4493771
55015,-112.0740373,33.4483771
50080,-112.0740373,33.4493771
93171,-112.0740373,33.4483771
50775,-112.0740373,33.4493771
94255,-112.0740373,33.4483771
19552,-112.0740373,33.4493771
27671,-112.0740373,33.4483771
63584,-112.0740373,33.4493771
102466,-112.0740373,33.4483771
45743,-112.0740373,33.4493771
23746,-112.0740373,33.4483771
105030,-112.0740373,33.4493771
33564,-112.0740373,33.4483771
96462,-112.0740373,33.4493771
90504,-112.0740373,33.4483771
39739,-112.0740373,33.4493771
81869,-112.0740373,33.4483771
20054,-112.0740373,33.4493771
83740,-112.0740373,33.4483771
6404,-112.0740373,33.4493771
95759,-112.0740373,33.4483771
96697,-112.0740373,33.4493771
84208,-112.0740373,33.4483771
8283,-112.0740373,33.4493771
71461,-112.0740373,33.4483771
74988,-112.0740373,33.4493771
26023,-112.0740373,33.4483771
90958,-112.0740373,33.4493771
46953,-112.0740373,33.4483771
42405,-112.0740373,33.4493771
29190,-112.0740373,33.4483771
98091,-112.0740373,33.4493771
65512,-112.0740373,33.4483771
79667,-112.0740373,33.4493771
100748,-112.0740373,33.4483771
35883,-112.0740373,33.4493771
47535,-112.0740373,33.4483771
4565,-112.0740373,33.4493771
85844,-112.0740373,33.4483771
15678,-112.0740373,33.4493771
102228,-112.0740373,33.4483771
74847,-112.0740373,33.4493771
91784,-112.0740373,33.4483771
7223,-112.0740373,33.4493771
55438,-112.0740373,33.4483771
72077,-112.0740373,33.4493771
27264,-112.0740373,33.4483771
21411,-112.0740373,33.4493771
33487,-112.0740373,33.4483771
818,-112.0740373,33.4493771
64093,-112.0740373,33.4483771
26853,-112.0740373,33.4493771
90298,-112.0740373,33.4483771
64801,-112.0740373,33.4493771
80970,-112.0740373,33.4483771
25447,-112.0740373,33.4493771
69693,-112.0740373,33.4483771
50495,-112.0740373,33.4493771
92470,-112.0740373,33.4483771
105804,-112.0740373,33.4493771
21654,-112.0740373,33.4483771
9005,-112.0740373,33.4493771
31124,-112.0740373,33.4483771
84935,-112.0740373,33.4493771
17492,-112.0740373,33.4483771
1363,-112.0740373,33.4493771
103961,-112.0740373,33.4483771
99893,-112.0740373,33.4493771
8537,-112.0740373,33.4483771
56090,-112.0740373,33.4493771
26191,-112.0740373,33.4483771
5592,-112.0740373,33.4493771
107703,-112.0740373,33.4483771
54619,-112.0740373,33.4493771
52842,-112.0740373,33.4483771
52317,-112.0740373,33.4493771
65913,-112.0740373,33.4483771
38547,-112.0740373,33.4493771
28265,-112.0740373,33.4483771
59662,-112.0740373,33.4493771
56697,-112.0740373,33.4483771
7191,-112.0740373,33.4493771
15085,-112.0740373,33.4483771
93499,-112.0740373,33.4493771
86431,-112.0740373,33.4483771
60535,-112.0740373,33.4493771
91097,-112.0740373,33.4483771
26468,-112.0740373,33.4493771
4145,-112.0740373,33.4483771
58366,-112.0740373,33.4493771
69551,-112.0740373,33.4483771
57429,-112.0740373,33.4493771
99532,-112.0740373,33.4483771
92478,-112.0740373,33.4493771
1644,-112.0740373,33.4483771
29997,-112.0740373,33.4493771
72753,-112.0740373,33.4483771
11520,-112.0740373,33.4493771
68530,-112.0740373,33.4483771
23435,-112.0740373,33.4493771
66526,-112.0740373,33.4483771
23731,-112.0740373,33.4493771
13342,-112.0740373,33.4483771
44233,-112.0740373,33.4493771
13505,-112.0740373,33.4483771
45448,-112.0740373,33.4493771
27670,-112.0740373,33.4483771
32238,-112.0740373,33.4493771
103832,-112.0740373,33.4483771
43686,-112.0740373,33.4493771
43617,-112.0740373,33.4483771
54946,-112.0740373,33.4493771
26346,-112.0740373,33.4483771
16060,-112.0740373,33.4493771
19305,-112.0740373,33.4483771
59265,-112.0740373,33.4493771
91265,-112.0740373,33.4483771
48577,-112.0740373,33.4493771
80359,-112.0740373,33.4483771
45501,-112.0740373,33.4493771
18607,-112.0740373,33.4483771
20540,-112.0740373,33.4493771
78264,-112.0740373,33.4483771
9396,-112.0740373,33.4493771
9865,-112.0740373,33.4483771
99765,-112.0740373,33.4493771
102790,-112.0740373,33.4483771
79509,-112.0740373,33.4493771
49365,-112.0740373,33.4483771
32622,-112.0740373,33.4493771
93858,-112.0740373,33.4483771
81183,-112.0740373,33.4493771
59580,-112.0740373,33.4483771
89417,-112.0740373,33.4493771
106533,-112.0740373,33.4483771
30084,-112.0740373,33.4493771
12001,-112.0740373,33.4483771
18085,-112.0740373,33.4493771
13115,-112.0740373,33.4483771
66073,-112.0740373,33.4493771
64281,-112.0740373,33.4483771
13754,-112.0740373,33.4493771
41168,-112.0740373,33.4483771
75240,-112.0740373,33.4493771
94761,-112.0740373,33.4483771
52552,-112.0740373,33.4493771
91546,-112.0740373,33.4483771
83041,-112.0740373,33.4493771
96192,-112.0740373,33.4483771
57615,-112.0740373,33.4493771
22202,-112.0740373,33.4483771
32767,-112.0740373,33.4493771
96502,-112.0740373,33.4483771
90531,-112.0740373,33.4493771
69890,-112.0740373,33.4483771
29623,-112.0740373,33.4493771
106488,-112.0740373,33.4483771
82372,-112.0740373,33.4493771
9244,-112.0740373,33.4483771
97794,-112.0740373,33.4493771
95552,-112.0740373,33.4483771
30835,-112.0740373,33.4493771
80805,-112.0740373,33.4483771
35615,-112.0740373,33.4493771
12971,-112.0740373,33.4483771
35554,-112.0740373,33.4493771
14595,-112.0740373,33.4483771
94027,-112.0740373,33.4493771
19248,-112.0740373,33.4483771
71008,-112.0740373,33.4493771
104628,-112.0740373,33.4483771
93072,-112.0740373,33.4493771
106946,-112.0740373,33.4483771
90140,-112.0740373,33.4493771
22457,-112.0740373,33.4483771
54474,-112.0740373,33.4493771
15515,-112.0740373,33.4483771
16877,-112.0740373,33.4493771
95436,-112.0740373,33.4483771
21901,-112.0740373,33.4493771
72611,-112.0740373,33.4483771
50594,-112.0740373,33.4493771
9268,-112.0740373,33.4483771
8069,-112.0740373,33.4493771
78616,-112.0740373,33.4483771
59621,-112.0740373,33.4493771
50574,-112.0740373,33.4483771
52672,-112.0740373,33.4493771
84305,-112.0740373,33.4483771
52985,-112.0740373,33.4493771
81991,-112.0740373,33.4483771
19761,-112.0740373,33.4493771
31854,-112.0740373,33.4483771
1654,-112.0740373,33.4493771
59285,-112.0740373,33.4483771
65155,-112.0740373,33.4493771
7567,-112.0740373,33.4483771
51609,-112.0740373,33.4493771
93968,-112.0740373,33.4483771
89242,-112.0740373,33.4493771
73716,-112.0740373,33.4483771
89273,-112.0740373,33.4493771
103667,-112.0740373,33.4483771
21840,-112.0740373,33.4493771
90315,-112.0740373,33.4483771
10567,-112.0740373,33.4493771
50512,-112.0740373,33.4483771
95978,-112.0740373,33.4493771
16332,-112.0740373,33.4483771
73605,-112.0740373,33.4493771
72468,-112.0740373,33.4483771
100032,-112.0740373,33.4493771
44066,-112.0740373,33.4483771
60565,-112.0740373,33.4493771
23803,-112.0740373,33.4483771
9572,-112.0740373,33.4493771
39634,-112.0740373,33.4483771
50247,-112.0740373,33.4493771
20226,-112.0740373,33.4483771
70911,-112.0740373,33.4493771
16179,-112.0740373,33.4483771
44910,-112.0740373,33.4493771
68137,-112.0740373,33.4483771
18727,-112.0740373,33.4493771
33661,-112.0740373,33.4483771
69401,-112.0740373,33.4493771
12189,-112.0740373,33.4483771
14467,-112.0740373,33.4493771
3277,-112.0740373,33.4483771
14939,-112.0740373,33.4493771
62253,-112.0740373,33.4483771
76516,-112.0740373,33.4493771
9355,-112.0740373,33.4483771
865,-112.0740373,33.4493771
26724,-112.0740373,33.4483771
17143,-112.0740373,33.4493771
17991,-112.0740373,33.4483771
13775,-112.0740373,33.4493771
33806,-112.0740373,33.4483771
105758,-112.0740373,33.4493771
58796,-112.0740373,33.4483771
27784,-112.0740373,33.4493771
106918,-112.0740373,33.4483771
53264,-112.0740373,33.4493771
9018,-112.0740373,33.4483771
1637,-112.0740373,33.4493771
92216,-112.0740373,33.4483771
27013,-112.0740373,33.4493771
22609,-112.0740373,33.4483771
92712,-112.0740373,33.4493771
12373,-112.0740373,33.4483771
92722,-112.0740373,33.4493771
71396,-112.0740373,33.4483771
36687,-112.0740373,33.4493771
73138,-112.0740373,33.4483771
41588,-112.0740373,33.4493771
27621,-112.0740373,33.4483771
2090,-112.0740373,33.4493771
37677,-112.0740373,33.4483771
27677,-112.0740373,33.4493771
97774,-112.0740373,33.4483771
106280,-112.0740373,33.4493771
64025,-112.0740373,33.4483771
43402,-112.0740373,33.4493771
41642,-112.0740373,33.4483771
3417,-112.0740373,33.4493771
13365,-112.0740373,33.4483771
77088,-112.0740373,33.4493771
79391,-112.0740373,33.4483771
52919,-112.0740373,33.4493771
63756,-112.0740373,33.4483771
8983,-112.0740373,33.4493771
9940,-112.0740373,33.4483771
102220,-112.0740373,33.4493771
16108,-112.0740373,33.4483771
89251,-112.0740373,33.4493771
41768,-112.0740373,33.4483771
5465,-112.0740373,33.4493771
70581,-112.0740373,33.4483771
65587,-112.0740373,33.4493771
4295,-112.0740373,33.4483771
37382,-112.0740373,33.4493771
4472,-112.0740373,33.4483771
29604,-112.0740373,33.4493771
2519,-112.0740373,33.4483771
16119,-112.0740373,33.4493771
42593,-112.0740373,33.4483771
104834,-112.0740373,33.4493771
23114,-112.0740373,33.4483771
79394,-112.0740373,33.4493771
33699,-112.0740373,33.4483771
98127,-112.0740373,33.4493771
26396,-112.0740373,33.4483771
74722,-112.0740373,33.4493771
98558,-112.0740373,33.4483771
20525,-112.0740373,33.4493771
17812,-112.0740373,33.4483771
104942,-112.0740373,33.4493771
88928,-112.0740373,33.4483771
8014,-112.0740373,33.4493771
106663,-112.0740373,33.4483771
52667,-112.0740373,33.4493771
105002,-112.0740373,33.4483771
7064,-112.0740373,33.4493771
92800,-112.0740373,33.4483771
77830,-112.0740373,33.4493771
7955,-112.0740373,33.4483771
17153,-112.0740373,33.4493771
100383,-112.0740373,33.4483771
17472,-112.0740373,33.4493771
48907,-112.0740373,33.4483771
49697,-112.0740373,33.4493771
41156,-112.0740373,33.4483771
103851,-112.0740373,33.4493771
30804,-112.0740373,33.4483771
52547,-112.0740373,33.4493771
57666,-112.0740373,33.4483771
91904,-112.0740373,33.4493771
106564,-112.0740373,33.4483771
12816,-112.0740373,33.4493771
91518,-112.0740373,33.4483771
102342,-112.0740373,33.4493771
98700,-112.0740373,33.4483771
53052,-112.0740373,33.4493771
7043,-112.0740373,33.4483771
99746,-112.0740373,33.4493771
86985,-112.0740373,33.4483771
81972,-112.0740373,33.4493771
61658,-112.0740373,33.4483771
33401,-112.0740373,33.4493771
563,-112.0740373,33.4483771
22226,-112.0740373,33.4493771
29358,-112.0740373,33.4483771
78089,-112.0740373,33.4493771
93248,-112.0740373,33.4483771
53396,-112.0740373,33.4493771
62022,-112.0740373,33.4483771
79947,-112.0740373,33.4493771
25533,-112.0740373,33.4483771
75146,-112.0740373,33.4493771
91849,-112.0740373,33.4483771
50703,-112.0740373,33.4493771
39577,-112.0740373,33.4483771
36938,-112.0740373,33.4493771
41614,-112.0740373,33.4483771
16495,-112.0740373,33.4493771
92904,-112.073771,33.448605
84237,-112.065015,33.449446
21014,-112.3582136,33.449806
92693,-112.264914,33.450295
13522,-112.074042,33.450847
85109,-112.037898,33.452855
70908,-112.06237,33.453005
88337,-112.325412,33.454035
107282,-112.073549,33.457643
105158,-112.318184,33.4585
63724,-111.747036,33.458721
49107,-111.816421,33.459156
76372,-112.003434,33.460086
5206,-112.082041,33.460433
23190,-111.98632,33.460541
29028,-112.360451,33.461491
11422,-112.092244,33.461599
65426,-112.024434,33.46259
64034,-111.981656,33.463077
52180,-111.911461,33.464386
24350,-112.053535,33.469669
33965,-111.990718,33.471465
88609,-111.675615,33.472854
1906,-112.0251518,33.4742935
32573,-112.223444,33.475851
34494,-111.984876,33.477912
45054,-112.065793,33.477913
10735,-111.916529,33.479338
22952,-112.255686,33.481044
93790,-111.969918,33.482516
88950,-112.017093,33.48392
55891,-112.086287,33.486036
47432,-111.89327,33.4902
68349,-112.02388,33.492681
62202,-111.932413,33.49321
30655,-112.360879,33.49345
28801,-111.921219,33.49398
31822,-111.920694,33.494
96649,-111.920694,33.495
87444,-111.920694,33.494
27408,-111.920694,33.495
55192,-111.920694,33.494
31200,-111.920694,33.495
96122,-111.920694,33.494
11594,-111.920694,33.495
1278,-111.920694,33.494
12078,-111.920694,33.495
93205,-111.920694,33.494
60469,-111.920694,33.495
40697,-111.920694,33.494
101910,-111.920694,33.495
101014,-111.920694,33.494
13321,-111.920694,33.495
56252,-111.920694,33.494
45875,-111.920694,33.495
88653,-111.920694,33.494
7948,-111.920694,33.495
55145,-111.920694,33.494
45942,-111.920694,33.495
3794,-111.920694,33.494
73749,-111.920694,33.495
18132,-111.920694,33.494
50875,-111.920694,33.495
55753,-111.920694,33.494
81694,-111.920694,33.495
43986,-111.920694,33.494
24437,-111.920694,33.495
10150,-111.920694,33.494
43214,-111.920694,33.495
78648,-111.920694,33.494
22003,-111.920694,33.495
44464,-111.920694,33.494
12265,-111.920694,33.495
22788,-111.920694,33.494
2995,-111.920694,33.495
62939,-111.920694,33.494
40206,-111.920694,33.495
56295,-111.920694,33.494
74538,-111.920694,33.495
27278,-111.920694,33.494
67024,-111.920694,33.495
60950,-111.920694,33.494
96000,-111.920694,33.495
99687,-111.920694,33.494
88971,-111.920694,33.495
50645,-111.920694,33.494
1896,-111.920694,33.495
57162,-111.9260519,33.4941704
4924,-111.9260519,33.4951704
47003,-111.9260519,33.4941704
47611,-111.9260519,33.4951704
88585,-111.9260519,33.4941704
83188,-111.9260519,33.4951704
85448,-111.9260519,33.4941704
23988,-111.9260519,33.4951704
88843,-111.9260519,33.4941704
95601,-111.9260519,33.4951704
21747,-111.9260519,33.4941704
73250,-111.9260519,33.4951704
18059,-111.9260519,33.4941704
35272,-111.9260519,33.4951704
104358,-111.9260519,33.4941704
83932,-111.9260519,33.4951704
105765,-111.9260519,33.4941704
107015,-111.9260519,33.4951704
51646,-111.9260519,33.4941704
42574,-111.9260519,33.4951704
54926,-111.9260519,33.4941704
13479,-111.9260519,33.4951704
35349,-111.9260519,33.4941704
70925,-111.9260519,33.4951704
104405,-111.9260519,33.4941704
87793,-111.9260519,33.4951704
22560,-111.9260519,33.4941704
63206,-111.9260519,33.4951704
3083,-111.9260519,33.4941704
34310,-111.9260519,33.4951704
73685,-111.9260519,33.4941704
10852,-111.9260519,33.4951704
98166,-111.9260519,33.4941704
4554,-111.9260519,33.4951704
5939,-111.9260519,33.4941704
78078,-111.9260519,33.4951704
63249,-111.9260519,33.4941704
1975,-111.9260519,33.4951704
33374,-111.9260519,33.4941704
1854,-111.9260519,33.4951704
1787,-111.9260519,33.4941704
54962,-111.9260519,33.4951704
67237,-111.9260519,33.4941704
71254,-111.9260519,33.4951704
43383,-111.9260519,33.4941704
27116,-111.9260519,33.4951704
67508,-111.9260519,33.4941704
1296,-111.9260519,33.4951704
76112,-111.9260519,33.4941704
56595,-111.9260519,33.4951704
86272,-111.9260519,33.4941704
42522,-111.9260519,33.4951704
101313,-111.9260519,33.4941704
79311,-111.9260519,33.4951704
62035,-111.9260519,33.4941704
52557,-111.9260519,33.4951704
16309,-111.9260519,33.4941704
50404,-111.9260519,33.4951704
89743,-111.9260519,33.4941704
87561,-111.9260519,33.4951704
52774,-111.9260519,33.4941704
43803,-111.9260519,33.4951704
31535,-111.9260519,33.4941704
53749,-111.9260519,33.4951704
19212,-111.9260519,33.4941704
21955,-111.9260519,33.4951704
30559,-111.9260519,33.4941704
59064,-111.9260519,33.4951704
731,-111.9260519,33.4941704
45039,-111.9260519,33.4951704
84524,-111.9260519,33.4941704
66371,-111.9260519,33.4951704
32678,-111.9260519,33.4941704
81005,-111.9260519,33.4951704
87244,-111.9260519,33.4941704
107114,-111.9260519,33.4951704
24725,-111.9260519,33.4941704
79019,-111.9260519,33.4951704
26887,-111.9260519,33.4941704
36272,-111.9260519,33.4951704
82395,-111.9260519,33.4941704
21366,-111.9260519,33.4951704
82218,-111.9260519,33.4941704
58690,-111.9260519,33.4951704
15982,-111.9260519,33.4941704
6361,-111.9260519,33.4951704
16038,-111.9260519,33.4941704
14565,-111.9260519,33.4951704
72372,-111.9260519,33.4941704
31473,-111.9260519,33.4951704
26155,-111.9260519,33.4941704
34811,-111.9260519,33.4951704
95635,-111.9260519,33.4941704
94279,-111.9260519,33.4951704
98184,-111.9260519,33.4941704
90693,-111.9260519,33.4951704
96112,-111.9260519,33.4941704
75517,-111.9260519,33.4951704
26052,-111.9260519,33.4941704
95556,-111.9260519,33.4951704
103497,-111.9260519,33.4941704
67746,-111.9260519,33.4951704
98605,-111.9260519,33.4941704
30603,-111.9260519,33.4951704
12956,-111.9260519,33.4941704
24158,-111.9260519,33.4951704
51268,-111.9260519,33.4941704
50587,-111.9260519,33.4951704
2816,-111.9260519,33.4941704
13855,-111.9260519,33.4951704
51556,-111.9260519,33.4941704
102383,-111.9260519,33.4951704
28579,-111.9260519,33.4941704
87137,-111.9260519,33.4951704
92262,-111.9260519,33.4941704
22006,-111.9260519,33.4951704
93532,-111.9260519,33.4941704
35165,-111.9260519,33.4951704
63507,-111.9260519,33.4941704
25708,-111.9260519,33.4951704
35346,-111.9260519,33.4941704
3987,-111.9260519,33.4951704
69698,-111.9260519,33.4941704
103147,-111.9260519,33.4951704
53538,-111.9260519,33.4941704
91048,-111.9260519,33.4951704
46657,-111.9260519,33.4941704
19182,-111.9260519,33.4951704
101318,-111.9260519,33.4941704
18381,-111.9260519,33.4951704
65386,-111.9260519,33.4941704
34659,-111.9260519,33.4951704
10909,-111.9260519,33.4941704
81310,-111.9260519,33.4951704
4566,-111.9260519,33.4941704
42152,-111.9260519,33.4951704
106432,-111.9260519,33.4941704
25439,-111.9260519,33.4951704
48102,-111.9260519,33.4941704
96104,-111.9260519,33.4951704
35497,-111.9260519,33.4941704
72735,-111.9260519,33.4951704
4326,-111.9260519,33.4941704
65743,-111.925636,33.494591
20378,-111.928612,33.494648
45008,-112.080423,33.497757
92098,-111.923691,33.497986
35884,-111.9224398,33.4986286
58334,-111.997299,33.500961
54546,-112.075714,33.501161
24594,-111.922525,33.502359
77695,-111.929715,33.502536
5881,-111.986754,33.506218
64212,-112.03849,33.509239
86307,-112.076454,33.510004
39340,-111.983513,33.515213
20430,-112.104414,33.519165
104485,-112.039483,33.521227
27623,-111.923289,33.52165
54643,-111.930578,33.522195
54267,-112.081329,33.526539
67992,-112.05157,33.527191
15125,-111.940334,33.531105
82845,-111.940334,33.532105
63696,-111.940334,33.531105
7140,-111.940334,33.532105
29490,-111.940334,33.531105
58182,-111.940334,33.532105
78565,-111.940334,33.531105
29204,-111.940334,33.532105
708,-112.172903,33.537934
22297,-112.186279,33.53858
57390,-112.186279,33.53958
88057,-112.186279,33.53858
68716,-112.186279,33.53958
73370,-112.186279,33.53858
3155,-112.186279,33.53958
56283,-112.1859866,33.5386523
24943,-112.1859866,33.5396523
58899,-112.1859866,33.5386523
45107,-112.1859866,33.5396523
54674,-112.1859866,33.5386523
92913,-112.1859866,33.5396523
28458,-112.1859866,33.5386523
19259,-112.1859866,33.5396523
75963,-112.1859866,33.5386523
99879,-112.1859866,33.5396523
94130,-112.1859866,33.5386523
83322,-112.1859866,33.5396523
106054,-112.1859866,33.5386523
73192,-112.1859866,33.5396523
71155,-112.1859866,33.5386523
47715,-112.1859866,33.5396523
105351,-112.1859866,33.5386523
91227,-112.1859866,33.5396523
5561,-112.1859866,33.5386523
69814,-112.1859866,33.5396523
21218,-112.226191,33.538711
41808,-112.347073,33.551573
103202,-111.872667,33.554093
97899,-112.1370601,33.5545153
70999,-111.886488,33.560755
32345,-112.202823,33.571472
32660,-112.022983,33.572485
90791,-111.8578,33.574702
28728,-112.117587,33.575597
63043,-112.240909,33.577314
106351,-112.240909,33.578314
84297,-112.240909,33.577314
29990,-112.240909,33.578314
8164,-112.240909,33.577314
68077,-112.240909,33.578314
10341,-112.240909,33.577314
48545,-112.12042,33.57887
2315,-112.179642,33.578996
29955,-112.142414,33.580502
100764,-112.2373779,33.5805955
28160,-111.926659,33.581542
44627,-111.926757,33.581732
15854,-111.831693,33.586601
90525,-112.218446,33.59233
8406,-112.192365,33.592815
63599,-112.224113,33.594082
41043,-112.20313,33.59651
36234,-112.2718239,33.5975393
17898,-111.92585,33.598057
53326,-111.891042,33.59912
11491,-111.890993,33.599236
96553,-112.008073,33.600666
79923,-112.249495,33.604561
5668,-111.720019,33.60464
66686,-111.989682,33.609922
24941,-112.3246042,33.6130942
90468,-112.3246042,33.6140942
16220,-112.419403,33.613289
19229,-112.419403,33.614289
107520,-111.924273,33.61444
53110,-111.925307,33.614771
2965,-112.367325,33.615025
53365,-112.2445,33.615325
20848,-112.346962,33.617198
9734,-111.951333,33.618967
64424,-112.094394,33.620044
81938,-112.122083,33.622127
51690,-112.365497,33.624498
91386,-111.97715,33.626029
19916,-112.026482,33.626293
94995,-112.052799,33.62989
81240,-112.1513065,33.6320749
41332,-112.235184,33.632151
24397,-112.392855,33.634294
41672,-112.326939,33.63861
93881,-112.326939,33.63961
78936,-112.326939,33.63861
94564,-112.326939,33.63961
13349,-112.326939,33.63861
86176,-112.326939,33.63961
58344,-112.326939,33.63861
7596,-112.326939,33.63961
87269,-112.326939,33.63861
103494,-112.326939,33.63961
87741,-112.326939,33.63861
99998,-112.326939,33.63961
31891,-112.3957576,33.639099
72113,-112.3294,33.641211
38975,-112.008583,33.64151
22719,-112.374199,33.646231
56854,-112.00312,33.648643
81367,-112.009018,33.656509
98835,-111.913415,33.657528
82215,-111.987129,33.657532
81327,-111.888522,33.660003
98231,-111.908104,33.661176
19306,-112.221367,33.661399
60802,-112.012179,33.663298
77777,-112.071165,33.668118
6548,-112.1787896,33.6690037
1755,-111.905238,33.669296
36754,-111.965326,33.670726
78656,-112.001188,33.671183
1092,-111.93454,33.683323
5426,-112.073524,33.683825
75379,-111.960758,33.699063
